predicted_metal,predicted_concentration_mg_L,regulatory_threshold_mg_L,predicted_exceedance_ratio,predicted_status,predicted_safety,scenario_pH
Pb,1.8092159828709817,0.01,180.92159828709816,Heavy contamination,Unsafe,6.019329332094923
Pb,1.8047374385736226,0.01,180.47374385736225,Heavy contamination,Unsafe,6.044166594983391
Pb,1.80672720752851,0.01,180.67272075285098,Heavy contamination,Unsafe,6.069003857871859
Pb,1.8067175297793345,0.01,180.67175297793344,Heavy contamination,Unsafe,6.093841120760327
Pb,1.8063155256865806,0.01,180.63155256865807,Heavy contamination,Unsafe,6.1186783836487955
Pb,1.803623920494633,0.01,180.3623920494633,Heavy contamination,Unsafe,6.143515646537264
Pb,1.8083703496992136,0.01,180.83703496992135,Heavy contamination,Unsafe,6.168352909425732
Pb,1.8121705373751515,0.01,181.21705373751516,Heavy contamination,Unsafe,6.1931901723142
Pb,1.8103779502287136,0.01,181.03779502287136,Heavy contamination,Unsafe,6.218027435202668
Pb,1.8106184350447734,0.01,181.06184350447734,Heavy contamination,Unsafe,6.242864698091136
Pb,1.8105255828939855,0.01,181.05255828939855,Heavy contamination,Unsafe,6.267701960979604
Pb,1.8078183628008306,0.01,180.78183628008307,Heavy contamination,Unsafe,6.292539223868072
Pb,1.807580252784007,0.01,180.7580252784007,Heavy contamination,Unsafe,6.31737648675654
Pb,1.8076404522424256,0.01,180.76404522424255,Heavy contamination,Unsafe,6.342213749645008
Pb,1.8104786463967375,0.01,181.04786463967375,Heavy contamination,Unsafe,6.3670510125334765
Pb,1.8104786463967375,0.01,181.04786463967375,Heavy contamination,Unsafe,6.391888275421945
Pb,1.8104786463967375,0.01,181.04786463967375,Heavy contamination,Unsafe,6.416725538310413
Pb,1.8080009485488069,0.01,180.80009485488068,Heavy contamination,Unsafe,6.441562801198881
Pb,1.807477195729765,0.01,180.7477195729765,Heavy contamination,Unsafe,6.466400064087349
Pb,1.8005170143252978,0.01,180.05170143252977,Heavy contamination,Unsafe,6.491237326975817
Pb,1.7989040140556822,0.01,179.8904014055682,Heavy contamination,Unsafe,6.516074589864285
Pb,1.7993340109060139,0.01,179.9334010906014,Heavy contamination,Unsafe,6.540911852752753
Pb,1.7991541302560787,0.01,179.91541302560788,Heavy contamination,Unsafe,6.565749115641221
Pb,1.798095397698229,0.01,179.8095397698229,Heavy contamination,Unsafe,6.590586378529689
Pb,1.7963705846384634,0.01,179.63705846384633,Heavy contamination,Unsafe,6.6154236414181575
Pb,1.7963705846384634,0.01,179.63705846384633,Heavy contamination,Unsafe,6.640260904306626
Pb,1.795049420244418,0.01,179.5049420244418,Heavy contamination,Unsafe,6.665098167195094
Pb,1.794930729787533,0.01,179.4930729787533,Heavy contamination,Unsafe,6.689935430083562
Pb,1.7953678615759419,0.01,179.53678615759418,Heavy contamination,Unsafe,6.71477269297203
Pb,1.7953678615759419,0.01,179.53678615759418,Heavy contamination,Unsafe,6.739609955860498
Pb,1.7935416668682778,0.01,179.35416668682777,Heavy contamination,Unsafe,6.764447218748966
Pb,1.7955063653764198,0.01,179.550636537642,Heavy contamination,Unsafe,6.789284481637434
Pb,1.8001425052140907,0.01,180.01425052140905,Heavy contamination,Unsafe,6.814121744525902
Pb,1.799741395346306,0.01,179.97413953463058,Heavy contamination,Unsafe,6.8389590074143705
Pb,1.8010979263658955,0.01,180.10979263658953,Heavy contamination,Unsafe,6.863796270302839
Pb,1.7995466011322092,0.01,179.9546601132209,Heavy contamination,Unsafe,6.888633533191307
Pb,1.8008862931666214,0.01,180.08862931666215,Heavy contamination,Unsafe,6.913470796079775
Pb,1.8059335284796139,0.01,180.59335284796137,Heavy contamination,Unsafe,6.938308058968243
Pb,1.804607800560442,0.01,180.4607800560442,Heavy contamination,Unsafe,6.963145321856711
Pb,1.802521335483234,0.01,180.2521335483234,Heavy contamination,Unsafe,6.987982584745179
Pb,1.8026003510097013,0.01,180.26003510097013,Heavy contamination,Unsafe,7.012819847633647
Pb,1.8037057502561713,0.01,180.37057502561711,Heavy contamination,Unsafe,7.037657110522115
Pb,1.8057389599430695,0.01,180.57389599430695,Heavy contamination,Unsafe,7.062494373410583
Pb,1.8051358714774492,0.01,180.51358714774491,Heavy contamination,Unsafe,7.0873316362990515
Pb,1.8050961578652283,0.01,180.50961578652283,Heavy contamination,Unsafe,7.11216889918752
Pb,1.8061025309230807,0.01,180.61025309230806,Heavy contamination,Unsafe,7.137006162075988
Pb,1.8070270383792177,0.01,180.70270383792177,Heavy contamination,Unsafe,7.161843424964456
Pb,1.8075452447169058,0.01,180.7545244716906,Heavy contamination,Unsafe,7.186680687852924
Pb,1.8080139710485972,0.01,180.80139710485972,Heavy contamination,Unsafe,7.211517950741392
Pb,1.808178808152923,0.01,180.8178808152923,Heavy contamination,Unsafe,7.23635521362986
Pb,1.808417733809402,0.01,180.8417733809402,Heavy contamination,Unsafe,7.261192476518328
Pb,1.8106296514402902,0.01,181.06296514402902,Heavy contamination,Unsafe,7.286029739406796
Pb,1.8110112926296729,0.01,181.10112926296728,Heavy contamination,Unsafe,7.310867002295264
Pb,1.8108103256634789,0.01,181.0810325663479,Heavy contamination,Unsafe,7.3357042651837325
Pb,1.8108103256634789,0.01,181.0810325663479,Heavy contamination,Unsafe,7.3605415280722015
Pb,1.8125935564748041,0.01,181.25935564748042,Heavy contamination,Unsafe,7.38537879096067
Pb,1.8133492342077528,0.01,181.33492342077528,Heavy contamination,Unsafe,7.410216053849138
Pb,1.8126860128704625,0.01,181.26860128704624,Heavy contamination,Unsafe,7.435053316737606
Pb,1.8107173788119657,0.01,181.07173788119655,Heavy contamination,Unsafe,7.459890579626074
Pb,1.8150693649172893,0.01,181.50693649172894,Heavy contamination,Unsafe,7.484727842514542
Pb,1.8149054520080972,0.01,181.49054520080972,Heavy contamination,Unsafe,7.50956510540301
Pb,1.8159252647082944,0.01,181.59252647082943,Heavy contamination,Unsafe,7.534402368291478
Pb,1.8164442376919538,0.01,181.64442376919538,Heavy contamination,Unsafe,7.559239631179946
Pb,1.815199718988628,0.01,181.5199718988628,Heavy contamination,Unsafe,7.5840768940684145
Pb,1.8143111560831549,0.01,181.43111560831548,Heavy contamination,Unsafe,7.608914156956883
Pb,1.8135083210571938,0.01,181.35083210571938,Heavy contamination,Unsafe,7.633751419845351
Pb,1.8200453858644559,0.01,182.0045385864456,Heavy contamination,Unsafe,7.658588682733819
Pb,1.8148224425292085,0.01,181.48224425292085,Heavy contamination,Unsafe,7.683425945622287
Pb,1.8134732302708128,0.01,181.34732302708127,Heavy contamination,Unsafe,7.708263208510755
Pb,1.8080194844759472,0.01,180.80194844759473,Heavy contamination,Unsafe,7.733100471399223
Pb,1.807546732842582,0.01,180.7546732842582,Heavy contamination,Unsafe,7.757937734287691
Pb,1.8099389171121152,0.01,180.99389171121152,Heavy contamination,Unsafe,7.782774997176159
Pb,1.8102655320752656,0.01,181.02655320752655,Heavy contamination,Unsafe,7.807612260064627
Pb,1.8196629712418315,0.01,181.96629712418314,Heavy contamination,Unsafe,7.8324495229530955
Pb,1.8325241802246972,0.01,183.25241802246973,Heavy contamination,Unsafe,7.857286785841564
Pb,1.8373884916251524,0.01,183.73884916251524,Heavy contamination,Unsafe,7.882124048730032
Pb,1.832490311579957,0.01,183.2490311579957,Heavy contamination,Unsafe,7.9069613116185
Pb,1.8297970172386702,0.01,182.979701723867,Heavy contamination,Unsafe,7.931798574506968
Pb,1.829764219185802,0.01,182.97642191858017,Heavy contamination,Unsafe,7.956635837395436
Pb,1.824357838850438,0.01,182.4357838850438,Heavy contamination,Unsafe,7.981473100283904
