predicted_metal,predicted_concentration_mg_L,regulatory_threshold_mg_L,predicted_exceedance_ratio,predicted_status,predicted_safety
Pb,1.75949306693958,0.01,175.949306693958,Heavy contamination,Unsafe
Cu,1.9611279334329956,2.0,0.9805639667164978,Safe,Safe
Pb,1.7277615422653794,0.01,172.77615422653793,Heavy contamination,Unsafe
Pb,1.6781949906673934,0.01,167.81949906673933,Heavy contamination,Unsafe
Cu,1.9906284465848212,2.0,0.9953142232924106,Safe,Safe
Cu,1.9710161580805887,2.0,0.9855080790402944,Safe,Safe
Pb,1.7271015855532699,0.01,172.71015855532698,Heavy contamination,Unsafe
Pb,1.8472446024670073,0.01,184.72446024670072,Heavy contamination,Unsafe
Pb,1.770382583871769,0.01,177.0382583871769,Heavy contamination,Unsafe
Cu,1.8603786551126875,2.0,0.9301893275563438,Safe,Safe
Cu,1.7762449460084513,2.0,0.8881224730042256,Safe,Safe
Pb,1.6143986261567245,0.01,161.43986261567244,Heavy contamination,Unsafe
Pb,1.789892865916352,0.01,178.9892865916352,Heavy contamination,Unsafe
Cu,1.8006256968779168,2.0,0.9003128484389584,Safe,Safe
Cu,1.7929359795164115,2.0,0.8964679897582057,Safe,Safe
Cu,1.9719524478426418,2.0,0.9859762239213209,Safe,Safe
Pb,1.7397120401162418,0.01,173.97120401162417,Heavy contamination,Unsafe
Cu,1.8630438676270291,2.0,0.9315219338135146,Safe,Safe
Pb,1.688032269731194,0.01,168.8032269731194,Heavy contamination,Unsafe
Pb,1.8023590470434034,0.01,180.23590470434033,Heavy contamination,Unsafe
Pb,1.814883812104501,0.01,181.4883812104501,Heavy contamination,Unsafe
Cu,1.8436452805800498,2.0,0.9218226402900249,Safe,Safe
Pb,1.654842829135919,0.01,165.4842829135919,Heavy contamination,Unsafe
Pb,1.7805423183112938,0.01,178.05423183112939,Heavy contamination,Unsafe
Cu,2.084343107129156,2.0,1.042171553564578,Low contamination,Unsafe
Cu,1.8304622607061196,2.0,0.9152311303530598,Safe,Safe
Cu,1.928181452501709,2.0,0.9640907262508545,Safe,Safe
Cu,1.6772069034865114,2.0,0.8386034517432557,Safe,Safe
Pb,1.7270154504541515,0.01,172.70154504541514,Heavy contamination,Unsafe
Pb,1.6445727591001211,0.01,164.4572759100121,Heavy contamination,Unsafe
Pb,1.5912825617087658,0.01,159.12825617087657,Heavy contamination,Unsafe
Pb,1.8493116911035252,0.01,184.93116911035253,Heavy contamination,Unsafe
Cu,1.8980511231835768,2.0,0.9490255615917884,Safe,Safe
Cu,1.7937031484895591,2.0,0.8968515742447796,Safe,Safe
Pb,1.7372416531780885,0.01,173.72416531780885,Heavy contamination,Unsafe
Pb,1.6639198470783148,0.01,166.39198470783148,Heavy contamination,Unsafe
Pb,1.7821313648796941,0.01,178.21313648796942,Heavy contamination,Unsafe
Cu,1.9164743036286918,2.0,0.9582371518143459,Safe,Safe
Cu,1.7849027182710522,2.0,0.8924513591355261,Safe,Safe
Pb,1.6689594964660468,0.01,166.89594964660466,Heavy contamination,Unsafe
Cu,1.7817091195562473,2.0,0.8908545597781237,Safe,Safe
Pb,1.6308101025468784,0.01,163.08101025468784,Heavy contamination,Unsafe
Cu,1.83095920147489,2.0,0.915479600737445,Safe,Safe
Pb,1.7482959327857228,0.01,174.82959327857228,Heavy contamination,Unsafe
Cu,1.79343966031007,2.0,0.896719830155035,Safe,Safe
Cu,1.7950849097371115,2.0,0.8975424548685558,Safe,Safe
Pb,1.699544881286883,0.01,169.9544881286883,Heavy contamination,Unsafe
Pb,1.7209900764400157,0.01,172.09900764400157,Heavy contamination,Unsafe
Cu,1.7859449522408417,2.0,0.8929724761204209,Safe,Safe
Pb,1.7577272982490157,0.01,175.77272982490157,Heavy contamination,Unsafe
Cu,1.8889193767011507,2.0,0.9444596883505754,Safe,Safe
Pb,1.656290254186561,0.01,165.62902541865608,Heavy contamination,Unsafe
Cu,2.018827060269855,2.0,1.0094135301349274,Low contamination,Unsafe
Pb,1.682732714118484,0.01,168.2732714118484,Heavy contamination,Unsafe
Cu,2.011667203507343,2.0,1.0058336017536715,Low contamination,Unsafe
Pb,1.8029808488641494,0.01,180.29808488641493,Heavy contamination,Unsafe
Pb,1.8380393738727525,0.01,183.80393738727525,Heavy contamination,Unsafe
Pb,1.568273769162496,0.01,156.8273769162496,Heavy contamination,Unsafe
Cu,1.8656738925052831,2.0,0.9328369462526416,Safe,Safe
Pb,1.6461258640844443,0.01,164.61258640844443,Heavy contamination,Unsafe
Cu,1.9798107460864363,2.0,0.9899053730432181,Safe,Safe
Pb,1.803443040279726,0.01,180.34430402797258,Heavy contamination,Unsafe
Pb,1.7939606135056392,0.01,179.3960613505639,Heavy contamination,Unsafe
Pb,1.6205991530657755,0.01,162.05991530657755,Heavy contamination,Unsafe
Pb,1.6979698718983918,0.01,169.79698718983917,Heavy contamination,Unsafe
Pb,1.685800279021763,0.01,168.58002790217628,Heavy contamination,Unsafe
Cu,1.950529912773046,2.0,0.975264956386523,Safe,Safe
Pb,1.8162927345768711,0.01,181.6292734576871,Heavy contamination,Unsafe
Pb,1.6165643852601295,0.01,161.65643852601295,Heavy contamination,Unsafe
Pb,1.8122714558178583,0.01,181.22714558178583,Heavy contamination,Unsafe
Cu,1.994079692745331,2.0,0.9970398463726655,Safe,Safe
Cu,2.093439378796367,2.0,1.0467196893981836,Low contamination,Unsafe
Cu,1.802987078831215,2.0,0.9014935394156075,Safe,Safe
Cu,1.8486369388913786,2.0,0.9243184694456893,Safe,Safe
Pb,1.8407974774320626,0.01,184.07974774320624,Heavy contamination,Unsafe
Pb,1.6396183503154305,0.01,163.96183503154305,Heavy contamination,Unsafe
Pb,1.7857669524860966,0.01,178.57669524860967,Heavy contamination,Unsafe
Pb,1.6445935952037203,0.01,164.45935952037203,Heavy contamination,Unsafe
Cu,1.6595570087381017,2.0,0.8297785043690509,Safe,Safe
Pb,1.7766024349178307,0.01,177.66024349178306,Heavy contamination,Unsafe
Pb,1.7006334842483328,0.01,170.0633484248333,Heavy contamination,Unsafe
Pb,1.8842840055184782,0.01,188.4284005518478,Heavy contamination,Unsafe
Pb,1.8237271801924333,0.01,182.37271801924334,Heavy contamination,Unsafe
Pb,1.8654956583923852,0.01,186.5495658392385,Heavy contamination,Unsafe
Cu,2.0036516901904613,2.0,1.0018258450952306,Low contamination,Unsafe
Pb,1.7294867088701298,0.01,172.94867088701298,Heavy contamination,Unsafe
Cu,1.9909029031024095,2.0,0.9954514515512047,Safe,Safe
Cu,1.9813420563129331,2.0,0.9906710281564666,Safe,Safe
Pb,1.6473766238176544,0.01,164.73766238176543,Heavy contamination,Unsafe
Pb,1.7197496129770866,0.01,171.97496129770866,Heavy contamination,Unsafe
Pb,1.767405467468265,0.01,176.7405467468265,Heavy contamination,Unsafe
Pb,1.8131108249729975,0.01,181.31108249729974,Heavy contamination,Unsafe
Pb,1.8206444851567438,0.01,182.06444851567437,Heavy contamination,Unsafe
Pb,1.8167456756566671,0.01,181.6745675656667,Heavy contamination,Unsafe
Cu,2.1169337845448957,2.0,1.0584668922724478,Low contamination,Unsafe
Cu,1.9239920390846392,2.0,0.9619960195423196,Safe,Safe
Cu,1.8670777729485675,2.0,0.9335388864742837,Safe,Safe
Cu,1.86675020976548,2.0,0.93337510488274,Safe,Safe
Pb,1.6164825975716237,0.01,161.64825975716238,Heavy contamination,Unsafe
Cu,1.800148670401473,2.0,0.9000743352007365,Safe,Safe
Pb,1.7960678291926995,0.01,179.60678291926993,Heavy contamination,Unsafe
Pb,1.5686913925348351,0.01,156.86913925348352,Heavy contamination,Unsafe
Pb,1.808718783606259,0.01,180.8718783606259,Heavy contamination,Unsafe
Pb,1.6870803945107806,0.01,168.70803945107806,Heavy contamination,Unsafe
Cu,1.941812327776394,2.0,0.970906163888197,Safe,Safe
Pb,1.798969870818886,0.01,179.8969870818886,Heavy contamination,Unsafe
Cu,2.0775982131468016,2.0,1.0387991065734008,Low contamination,Unsafe
Cu,1.9066701767684604,2.0,0.9533350883842302,Safe,Safe
Pb,1.6283273411462063,0.01,162.83273411462062,Heavy contamination,Unsafe
Cu,1.9973661154568907,2.0,0.9986830577284453,Safe,Safe
Pb,1.6611662331411785,0.01,166.11662331411785,Heavy contamination,Unsafe
Pb,1.7555121912727645,0.01,175.55121912727645,Heavy contamination,Unsafe
Cu,1.990463767561418,2.0,0.995231883780709,Safe,Safe
Cu,2.043352232898237,2.0,1.0216761164491186,Low contamination,Unsafe
Pb,1.7834258897429978,0.01,178.34258897429976,Heavy contamination,Unsafe
Pb,1.8398902527777228,0.01,183.98902527777227,Heavy contamination,Unsafe
Pb,1.7036095555826853,0.01,170.36095555826853,Heavy contamination,Unsafe
Pb,1.8474830099690964,0.01,184.74830099690965,Heavy contamination,Unsafe
Pb,1.6413598437753916,0.01,164.13598437753916,Heavy contamination,Unsafe
Cu,1.9433763255859344,2.0,0.9716881627929672,Safe,Safe
Cu,1.895516355422707,2.0,0.9477581777113535,Safe,Safe
Pb,1.7653480731556095,0.01,176.53480731556095,Heavy contamination,Unsafe
Cu,1.776865451134298,2.0,0.888432725567149,Safe,Safe
Pb,1.6642231773102307,0.01,166.42231773102307,Heavy contamination,Unsafe
Pb,1.6690311151237305,0.01,166.90311151237304,Heavy contamination,Unsafe
Pb,1.7754196856491795,0.01,177.54196856491794,Heavy contamination,Unsafe
Pb,1.5676575936002655,0.01,156.76575936002655,Heavy contamination,Unsafe
Cu,2.008156920248784,2.0,1.004078460124392,Low contamination,Unsafe
Pb,1.8822897592623038,0.01,188.22897592623036,Heavy contamination,Unsafe
Cu,2.126983170814386,2.0,1.063491585407193,Low contamination,Unsafe
Cu,1.941372658132063,2.0,0.9706863290660315,Safe,Safe
Cu,2.034717583169094,2.0,1.017358791584547,Low contamination,Unsafe
Cu,1.6974393173585363,2.0,0.8487196586792681,Safe,Safe
Pb,1.794402205113342,0.01,179.4402205113342,Heavy contamination,Unsafe
Cu,1.966326577383981,2.0,0.9831632886919905,Safe,Safe
Cu,1.8174235943628618,2.0,0.9087117971814309,Safe,Safe
Pb,1.788169249469132,0.01,178.8169249469132,Heavy contamination,Unsafe
Pb,1.6816703040045042,0.01,168.16703040045041,Heavy contamination,Unsafe
Pb,1.6257640500508588,0.01,162.5764050050859,Heavy contamination,Unsafe
Pb,1.5540711477245397,0.01,155.40711477245398,Heavy contamination,Unsafe
Pb,1.6150539047150247,0.01,161.50539047150247,Heavy contamination,Unsafe
Cu,2.1780768498050778,2.0,1.0890384249025389,Low contamination,Unsafe
Cu,2.3438281250388,2.0,1.1719140625194,Low contamination,Unsafe
Pb,1.7725960070601323,0.01,177.25960070601323,Heavy contamination,Unsafe
Cu,1.8362621389084808,2.0,0.9181310694542404,Safe,Safe
Pb,1.8055762408812326,0.01,180.55762408812325,Heavy contamination,Unsafe
Pb,1.824865367582062,0.01,182.4865367582062,Heavy contamination,Unsafe
Pb,1.8577437937358905,0.01,185.77437937358906,Heavy contamination,Unsafe
Pb,1.5915755622945613,0.01,159.15755622945613,Heavy contamination,Unsafe
Pb,1.7200621037882264,0.01,172.00621037882263,Heavy contamination,Unsafe
Pb,1.815733737226147,0.01,181.5733737226147,Heavy contamination,Unsafe
Cu,1.846078429883784,2.0,0.923039214941892,Safe,Safe
Cu,1.9918118809836138,2.0,0.9959059404918069,Safe,Safe
Cu,1.8731958853501944,2.0,0.9365979426750972,Safe,Safe
Pb,1.8068419958858988,0.01,180.68419958858988,Heavy contamination,Unsafe
Pb,1.6181813697915086,0.01,161.81813697915086,Heavy contamination,Unsafe
Pb,1.7678351271922934,0.01,176.78351271922935,Heavy contamination,Unsafe
Pb,1.6234232401601174,0.01,162.34232401601173,Heavy contamination,Unsafe
Cu,2.1630139318955877,2.0,1.0815069659477938,Low contamination,Unsafe
Cu,2.158407985651004,2.0,1.079203992825502,Low contamination,Unsafe
Cu,1.9940593907709645,2.0,0.9970296953854823,Safe,Safe
Cu,1.8285192291207424,2.0,0.9142596145603712,Safe,Safe
Pb,1.6103609011154225,0.01,161.03609011154225,Heavy contamination,Unsafe
Cu,2.012606277110975,2.0,1.0063031385554875,Low contamination,Unsafe
Cu,1.7671625754620082,2.0,0.8835812877310041,Safe,Safe
Cu,1.9776429636387665,2.0,0.9888214818193832,Safe,Safe
Pb,1.538995789113687,0.01,153.89957891136868,Heavy contamination,Unsafe
Pb,1.6039031278115305,0.01,160.39031278115306,Heavy contamination,Unsafe
Pb,1.8222704094072544,0.01,182.22704094072543,Heavy contamination,Unsafe
Pb,1.8032492895923533,0.01,180.32492895923534,Heavy contamination,Unsafe
Cu,1.9814294031360062,2.0,0.9907147015680031,Safe,Safe
Cu,1.8761986922347866,2.0,0.9380993461173933,Safe,Safe
Pb,1.8430288375872168,0.01,184.30288375872166,Heavy contamination,Unsafe
Cu,2.0898581556298943,2.0,1.0449290778149471,Low contamination,Unsafe
Cu,2.01719126611767,2.0,1.008595633058835,Low contamination,Unsafe
Cu,1.9253824004247837,2.0,0.9626912002123919,Safe,Safe
Cu,1.7060045576998133,2.0,0.8530022788499066,Safe,Safe
Pb,1.7746935999170246,0.01,177.46935999170245,Heavy contamination,Unsafe
Pb,1.8018337260233228,0.01,180.18337260233227,Heavy contamination,Unsafe
Pb,1.713252114172658,0.01,171.3252114172658,Heavy contamination,Unsafe
Cu,1.805001058373319,2.0,0.9025005291866595,Safe,Safe
Pb,1.7348210298788214,0.01,173.48210298788214,Heavy contamination,Unsafe
Cu,1.865656085243371,2.0,0.9328280426216855,Safe,Safe
Pb,1.6448167315377757,0.01,164.48167315377756,Heavy contamination,Unsafe
Pb,1.6594768905352044,0.01,165.94768905352043,Heavy contamination,Unsafe
Cu,1.7669501363625377,2.0,0.8834750681812689,Safe,Safe
Pb,1.7748490168968991,0.01,177.4849016896899,Heavy contamination,Unsafe
Cu,1.9602759704030694,2.0,0.9801379852015347,Safe,Safe
Cu,1.962296531106321,2.0,0.9811482655531605,Safe,Safe
Pb,1.661287306403525,0.01,166.1287306403525,Heavy contamination,Unsafe
Pb,1.5633573634588438,0.01,156.33573634588438,Heavy contamination,Unsafe
Pb,1.7623523290263765,0.01,176.23523290263765,Heavy contamination,Unsafe
Pb,1.8454276976445556,0.01,184.54276976445556,Heavy contamination,Unsafe
Pb,1.617437550296329,0.01,161.7437550296329,Heavy contamination,Unsafe
Cu,1.8466209520847439,2.0,0.9233104760423719,Safe,Safe
Cu,1.6958946808898794,2.0,0.8479473404449397,Safe,Safe
Cu,1.7808068920196203,2.0,0.8904034460098101,Safe,Safe
Cu,1.91404056329718,2.0,0.95702028164859,Safe,Safe
Pb,1.7292992620724332,0.01,172.9299262072433,Heavy contamination,Unsafe
Cu,1.9198507798838618,2.0,0.9599253899419309,Safe,Safe
Cu,1.8657794562013232,2.0,0.9328897281006616,Safe,Safe
Pb,1.6474576006696517,0.01,164.74576006696518,Heavy contamination,Unsafe
Pb,1.7829240347039694,0.01,178.29240347039695,Heavy contamination,Unsafe
Pb,1.7122061483518243,0.01,171.22061483518243,Heavy contamination,Unsafe
Cu,2.138780451089768,2.0,1.069390225544884,Low contamination,Unsafe
Pb,1.8147649663266168,0.01,181.47649663266168,Heavy contamination,Unsafe
Cu,1.8792728329100963,2.0,0.9396364164550481,Safe,Safe
Cu,2.0985169853720382,2.0,1.0492584926860191,Low contamination,Unsafe
Cu,1.7553797311498953,2.0,0.8776898655749477,Safe,Safe
Pb,1.824369827823598,0.01,182.4369827823598,Heavy contamination,Unsafe
Pb,1.6329792295867254,0.01,163.29792295867253,Heavy contamination,Unsafe
Cu,2.0664194834934957,2.0,1.0332097417467478,Low contamination,Unsafe
Pb,1.8133366665341053,0.01,181.33366665341052,Heavy contamination,Unsafe
Cu,1.9056908092720377,2.0,0.9528454046360189,Safe,Safe
Cu,2.10250022830855,2.0,1.051250114154275,Low contamination,Unsafe
Cu,1.81927782913619,2.0,0.909638914568095,Safe,Safe
Cu,1.8918094377423336,2.0,0.9459047188711668,Safe,Safe
Cu,1.866409861816102,2.0,0.933204930908051,Safe,Safe
Cu,1.9478481702071433,2.0,0.9739240851035716,Safe,Safe
Cu,1.788057802700548,2.0,0.894028901350274,Safe,Safe
Pb,1.871182497136158,0.01,187.1182497136158,Heavy contamination,Unsafe
Pb,1.7114353984393271,0.01,171.1435398439327,Heavy contamination,Unsafe
Pb,1.7855269734265997,0.01,178.55269734265997,Heavy contamination,Unsafe
Cu,1.8505188954815222,2.0,0.9252594477407611,Safe,Safe
Cu,1.828204453420124,2.0,0.914102226710062,Safe,Safe
Pb,1.7453341616435496,0.01,174.53341616435495,Heavy contamination,Unsafe
Pb,1.544596410922714,0.01,154.4596410922714,Heavy contamination,Unsafe
Pb,1.6775228439797782,0.01,167.75228439797783,Heavy contamination,Unsafe
Cu,1.8361573957950197,2.0,0.9180786978975098,Safe,Safe
Pb,1.8220350706439468,0.01,182.20350706439467,Heavy contamination,Unsafe
Cu,2.079398499297033,2.0,1.0396992496485165,Low contamination,Unsafe
Cu,1.9761016644216287,2.0,0.9880508322108144,Safe,Safe
Cu,1.8422521898255058,2.0,0.9211260949127529,Safe,Safe
Pb,1.6630973896124641,0.01,166.3097389612464,Heavy contamination,Unsafe
Cu,1.8474211809095555,2.0,0.9237105904547778,Safe,Safe
Cu,1.909982161675878,2.0,0.954991080837939,Safe,Safe
Cu,2.0274189542371923,2.0,1.0137094771185962,Low contamination,Unsafe
Pb,1.7952163520916442,0.01,179.52163520916443,Heavy contamination,Unsafe
Cu,1.8560556090205818,2.0,0.9280278045102909,Safe,Safe
Pb,1.754501350514257,0.01,175.4501350514257,Heavy contamination,Unsafe
Cu,1.8184014334842509,2.0,0.9092007167421254,Safe,Safe
Cu,1.8895807539734037,2.0,0.9447903769867019,Safe,Safe
Cu,1.8680051089192002,2.0,0.9340025544596001,Safe,Safe
Cu,2.0646697451500886,2.0,1.0323348725750443,Low contamination,Unsafe
Pb,1.541376847646089,0.01,154.1376847646089,Heavy contamination,Unsafe
Cu,2.002503980033521,2.0,1.0012519900167605,Low contamination,Unsafe
Cu,1.958197112936294,2.0,0.979098556468147,Safe,Safe
Cu,1.7554370060378284,2.0,0.8777185030189142,Safe,Safe
Pb,1.544938808015329,0.01,154.4938808015329,Heavy contamination,Unsafe
Cu,2.2098984378444753,2.0,1.1049492189222376,Low contamination,Unsafe
Pb,1.7813069810270508,0.01,178.13069810270508,Heavy contamination,Unsafe
Pb,1.672659413611091,0.01,167.2659413611091,Heavy contamination,Unsafe
Cu,1.691866835761433,2.0,0.8459334178807165,Safe,Safe
Cu,1.7920309328295505,2.0,0.8960154664147753,Safe,Safe
Cu,1.8943885197900685,2.0,0.9471942598950343,Safe,Safe
Cu,1.686273510075971,2.0,0.8431367550379855,Safe,Safe
Pb,1.681200916875268,0.01,168.12009168752678,Heavy contamination,Unsafe
Pb,1.867665982440357,0.01,186.7665982440357,Heavy contamination,Unsafe
Pb,1.74805703366283,0.01,174.805703366283,Heavy contamination,Unsafe
Cu,2.0434309844415823,2.0,1.0217154922207912,Low contamination,Unsafe
Pb,1.6847651573035949,0.01,168.4765157303595,Heavy contamination,Unsafe
Pb,1.8483786253594938,0.01,184.83786253594937,Heavy contamination,Unsafe
Pb,1.737561911598108,0.01,173.7561911598108,Heavy contamination,Unsafe
Pb,1.8981253341724584,0.01,189.81253341724585,Heavy contamination,Unsafe
Pb,1.6961507912638858,0.01,169.61507912638857,Heavy contamination,Unsafe
Pb,1.6775157375746368,0.01,167.7515737574637,Heavy contamination,Unsafe
Pb,1.812633780996261,0.01,181.2633780996261,Heavy contamination,Unsafe
Pb,1.7041951765556733,0.01,170.41951765556732,Heavy contamination,Unsafe
Pb,1.723509889154995,0.01,172.3509889154995,Heavy contamination,Unsafe
Pb,1.7755488320814572,0.01,177.55488320814572,Heavy contamination,Unsafe
Cu,1.7759840884513278,2.0,0.8879920442256639,Safe,Safe
Pb,1.6967054550722347,0.01,169.67054550722347,Heavy contamination,Unsafe
Pb,1.8258985993118348,0.01,182.58985993118347,Heavy contamination,Unsafe
Pb,1.5982271864441715,0.01,159.82271864441714,Heavy contamination,Unsafe
Pb,1.7012927450260418,0.01,170.12927450260418,Heavy contamination,Unsafe
Pb,1.6506519507421529,0.01,165.0651950742153,Heavy contamination,Unsafe
Cu,1.8964045986343172,2.0,0.9482022993171586,Safe,Safe
Cu,1.8342423993456805,2.0,0.9171211996728402,Safe,Safe
Pb,1.6415070374177154,0.01,164.15070374177154,Heavy contamination,Unsafe
Pb,1.6919101594331156,0.01,169.19101594331156,Heavy contamination,Unsafe
Pb,1.6366435402137927,0.01,163.66435402137927,Heavy contamination,Unsafe
Cu,2.317105239023983,2.0,1.1585526195119915,Low contamination,Unsafe
Cu,1.874202228320311,2.0,0.9371011141601555,Safe,Safe
Pb,1.6754845280618,0.01,167.54845280618,Heavy contamination,Unsafe
Cu,1.963658065955356,2.0,0.981829032977678,Safe,Safe
Pb,1.8541900367140496,0.01,185.41900367140497,Heavy contamination,Unsafe
Cu,1.8750705972166206,2.0,0.9375352986083103,Safe,Safe
Pb,1.8134531115620003,0.01,181.3453111562,Heavy contamination,Unsafe
Pb,1.7515895251938547,0.01,175.15895251938545,Heavy contamination,Unsafe
Pb,1.7713610598220049,0.01,177.1361059822005,Heavy contamination,Unsafe
Pb,1.8358762900283514,0.01,183.58762900283514,Heavy contamination,Unsafe
Pb,1.78283047338523,0.01,178.283047338523,Heavy contamination,Unsafe
Pb,1.6774367196147106,0.01,167.74367196147105,Heavy contamination,Unsafe
Cu,2.375360893017329,2.0,1.1876804465086646,Low contamination,Unsafe
Pb,1.8390213547173033,0.01,183.90213547173033,Heavy contamination,Unsafe
Pb,1.7336722415762398,0.01,173.36722415762398,Heavy contamination,Unsafe
Cu,1.935304542622461,2.0,0.9676522713112305,Safe,Safe
Cu,1.8699080005567055,2.0,0.9349540002783527,Safe,Safe
Cu,2.165952020535764,2.0,1.082976010267882,Low contamination,Unsafe
Cu,1.8000361577472428,2.0,0.9000180788736214,Safe,Safe
Pb,1.6302623789511568,0.01,163.02623789511568,Heavy contamination,Unsafe
Cu,2.25708557609883,2.0,1.128542788049415,Low contamination,Unsafe
Pb,1.5629514953776602,0.01,156.295149537766,Heavy contamination,Unsafe
Pb,1.8209264865762806,0.01,182.09264865762805,Heavy contamination,Unsafe
Pb,1.827824262429429,0.01,182.7824262429429,Heavy contamination,Unsafe
Cu,2.1754527633332317,2.0,1.0877263816666158,Low contamination,Unsafe
Cu,1.9615385199667172,2.0,0.9807692599833586,Safe,Safe
Pb,1.624175537953262,0.01,162.4175537953262,Heavy contamination,Unsafe
Cu,1.9293818739399202,2.0,0.9646909369699601,Safe,Safe
Pb,1.6473627188942936,0.01,164.73627188942936,Heavy contamination,Unsafe
Cu,1.7720684048931186,2.0,0.8860342024465593,Safe,Safe
Pb,1.686162085614217,0.01,168.6162085614217,Heavy contamination,Unsafe
Cu,1.6482876543831093,2.0,0.8241438271915547,Safe,Safe
Pb,1.7034516977451633,0.01,170.34516977451634,Heavy contamination,Unsafe
Pb,1.6626237970038105,0.01,166.26237970038105,Heavy contamination,Unsafe
Pb,1.7551111465389149,0.01,175.5111146538915,Heavy contamination,Unsafe
Pb,1.7840667049685248,0.01,178.40667049685248,Heavy contamination,Unsafe
Pb,1.8503626661128032,0.01,185.03626661128033,Heavy contamination,Unsafe
Cu,1.8438653881725724,2.0,0.9219326940862862,Safe,Safe
Cu,1.9005079194849135,2.0,0.9502539597424567,Safe,Safe
Cu,1.739047321572935,2.0,0.8695236607864675,Safe,Safe
Cu,1.863454036099359,2.0,0.9317270180496795,Safe,Safe
Pb,1.6553794404764877,0.01,165.53794404764875,Heavy contamination,Unsafe
Cu,1.849643558080885,2.0,0.9248217790404425,Safe,Safe
Pb,1.536824198948469,0.01,153.6824198948469,Heavy contamination,Unsafe
Pb,1.629826956223799,0.01,162.9826956223799,Heavy contamination,Unsafe
Cu,1.9029862864695832,2.0,0.9514931432347916,Safe,Safe
Cu,1.9874476431396948,2.0,0.9937238215698474,Safe,Safe
Cu,2.020760573029927,2.0,1.0103802865149636,Low contamination,Unsafe
Cu,1.8135276717884807,2.0,0.9067638358942404,Safe,Safe
Cu,1.8137680122891306,2.0,0.9068840061445653,Safe,Safe
Cu,1.7500709042298541,2.0,0.8750354521149271,Safe,Safe
Pb,1.8405899898207465,0.01,184.05899898207466,Heavy contamination,Unsafe
Cu,1.8788946491209786,2.0,0.9394473245604893,Safe,Safe
Pb,1.797683652843113,0.01,179.7683652843113,Heavy contamination,Unsafe
Cu,1.8456519568953804,2.0,0.9228259784476902,Safe,Safe
Cu,1.8515143924883235,2.0,0.9257571962441618,Safe,Safe
Pb,1.7287914442128014,0.01,172.87914442128013,Heavy contamination,Unsafe
Pb,1.531142917382255,0.01,153.1142917382255,Heavy contamination,Unsafe
Pb,1.7007812514348215,0.01,170.07812514348214,Heavy contamination,Unsafe
Cu,2.1900877452306906,2.0,1.0950438726153453,Low contamination,Unsafe
Pb,1.7371837792655014,0.01,173.71837792655015,Heavy contamination,Unsafe
Pb,1.6803484650100704,0.01,168.03484650100702,Heavy contamination,Unsafe
Pb,1.7105505643262273,0.01,171.05505643262273,Heavy contamination,Unsafe
Cu,1.7474257156146416,2.0,0.8737128578073208,Safe,Safe
Cu,1.8830189777162702,2.0,0.9415094888581351,Safe,Safe
Pb,1.7861348341395558,0.01,178.61348341395558,Heavy contamination,Unsafe
Cu,1.6938918972828052,2.0,0.8469459486414026,Safe,Safe
Cu,1.952139907764583,2.0,0.9760699538822915,Safe,Safe
Pb,1.6542864679964175,0.01,165.42864679964174,Heavy contamination,Unsafe
Pb,1.743360184007764,0.01,174.3360184007764,Heavy contamination,Unsafe
Pb,1.6539338905422256,0.01,165.39338905422255,Heavy contamination,Unsafe
Cu,1.9968272978280794,2.0,0.9984136489140397,Safe,Safe
Pb,1.681387006840112,0.01,168.13870068401118,Heavy contamination,Unsafe
Pb,1.553259283897908,0.01,155.3259283897908,Heavy contamination,Unsafe
Pb,1.6551020889030745,0.01,165.51020889030744,Heavy contamination,Unsafe
Pb,1.7742472881849056,0.01,177.42472881849056,Heavy contamination,Unsafe
Pb,1.7726354408033491,0.01,177.2635440803349,Heavy contamination,Unsafe
Cu,1.902466617465774,2.0,0.951233308732887,Safe,Safe
Pb,1.8368259213179905,0.01,183.68259213179905,Heavy contamination,Unsafe
Pb,1.8264071835808535,0.01,182.64071835808534,Heavy contamination,Unsafe
Pb,1.6760231689928382,0.01,167.6023168992838,Heavy contamination,Unsafe
Cu,1.8285103311493676,2.0,0.9142551655746838,Safe,Safe
Cu,1.855777527852324,2.0,0.927888763926162,Safe,Safe
Pb,1.833573093234949,0.01,183.3573093234949,Heavy contamination,Unsafe
Pb,1.62761388020212,0.01,162.761388020212,Heavy contamination,Unsafe
Cu,2.0122356530123655,2.0,1.0061178265061828,Low contamination,Unsafe
Cu,1.7635083525965864,2.0,0.8817541762982932,Safe,Safe
Pb,1.7174346621153935,0.01,171.74346621153936,Heavy contamination,Unsafe
Pb,1.614706565094933,0.01,161.4706565094933,Heavy contamination,Unsafe
Cu,1.9549122377408639,2.0,0.9774561188704319,Safe,Safe
Pb,1.6124399508376035,0.01,161.24399508376035,Heavy contamination,Unsafe
Pb,1.6414453666825075,0.01,164.14453666825074,Heavy contamination,Unsafe
Cu,1.8508601717180628,2.0,0.9254300858590314,Safe,Safe
Pb,1.6860261012197753,0.01,168.60261012197753,Heavy contamination,Unsafe
Pb,1.4821240097890314,0.01,148.21240097890313,Heavy contamination,Unsafe
Pb,1.812772384691923,0.01,181.2772384691923,Heavy contamination,Unsafe
Cu,2.017701674988066,2.0,1.008850837494033,Low contamination,Unsafe
Pb,1.632931764302553,0.01,163.2931764302553,Heavy contamination,Unsafe
Pb,1.7739979159346966,0.01,177.39979159346964,Heavy contamination,Unsafe
Pb,1.7284666941064306,0.01,172.84666941064305,Heavy contamination,Unsafe
Cu,1.8741761837627298,2.0,0.9370880918813649,Safe,Safe
Cu,1.9904855719948253,2.0,0.9952427859974127,Safe,Safe
Cu,2.0031656977830448,2.0,1.0015828488915224,Low contamination,Unsafe
Cu,2.2041233918068968,2.0,1.1020616959034484,Low contamination,Unsafe
Cu,1.8512791862267366,2.0,0.9256395931133683,Safe,Safe
Pb,1.627881682040373,0.01,162.7881682040373,Heavy contamination,Unsafe
Cu,1.8137397448755261,2.0,0.9068698724377631,Safe,Safe
Pb,1.726486335550189,0.01,172.64863355501888,Heavy contamination,Unsafe
Cu,2.0717799795734044,2.0,1.0358899897867022,Low contamination,Unsafe
Cu,2.062512971889652,2.0,1.031256485944826,Low contamination,Unsafe
Pb,1.7595924926367152,0.01,175.95924926367152,Heavy contamination,Unsafe
Cu,1.8573026647451412,2.0,0.9286513323725706,Safe,Safe
Pb,1.6699516526040412,0.01,166.99516526040412,Heavy contamination,Unsafe
Cu,1.8559371718080222,2.0,0.9279685859040111,Safe,Safe
Pb,1.684362658229435,0.01,168.4362658229435,Heavy contamination,Unsafe
Pb,1.6570061666415974,0.01,165.70061666415972,Heavy contamination,Unsafe
Pb,1.7435757867372093,0.01,174.35757867372092,Heavy contamination,Unsafe
Pb,1.651383237157961,0.01,165.1383237157961,Heavy contamination,Unsafe
Cu,2.062717414359591,2.0,1.0313587071797956,Low contamination,Unsafe
Pb,1.788056927532594,0.01,178.8056927532594,Heavy contamination,Unsafe
Pb,1.7665312103056334,0.01,176.65312103056334,Heavy contamination,Unsafe
Pb,1.690020357027032,0.01,169.0020357027032,Heavy contamination,Unsafe
Cu,1.8663704420591953,2.0,0.9331852210295977,Safe,Safe
Cu,1.7045670713045564,2.0,0.8522835356522782,Safe,Safe
Pb,1.773711226941732,0.01,177.3711226941732,Heavy contamination,Unsafe
Pb,1.8181300557411002,0.01,181.81300557411,Heavy contamination,Unsafe
Pb,1.63411669436706,0.01,163.411669436706,Heavy contamination,Unsafe
Cu,1.9113373487546177,2.0,0.9556686743773088,Safe,Safe
Cu,1.9441035468390528,2.0,0.9720517734195264,Safe,Safe
Cu,2.019175734089189,2.0,1.0095878670445946,Low contamination,Unsafe
Cu,1.9407625259315122,2.0,0.9703812629657561,Safe,Safe
Cu,1.9993452280954513,2.0,0.9996726140477257,Safe,Safe
Pb,1.608765254236674,0.01,160.8765254236674,Heavy contamination,Unsafe
Pb,1.7993539826872702,0.01,179.93539826872703,Heavy contamination,Unsafe
Cu,1.8571227942815955,2.0,0.9285613971407978,Safe,Safe
Pb,1.5664081900334412,0.01,156.64081900334412,Heavy contamination,Unsafe
Pb,1.598264605104286,0.01,159.82646051042857,Heavy contamination,Unsafe
Pb,1.7640112811858193,0.01,176.40112811858194,Heavy contamination,Unsafe
Pb,1.5876933814366243,0.01,158.76933814366242,Heavy contamination,Unsafe
Pb,1.749932598178534,0.01,174.9932598178534,Heavy contamination,Unsafe
Cu,1.845433370542229,2.0,0.9227166852711145,Safe,Safe
Cu,1.824054773628495,2.0,0.9120273868142476,Safe,Safe
Cu,1.9118468024243946,2.0,0.9559234012121973,Safe,Safe
Pb,1.871582836147414,0.01,187.1582836147414,Heavy contamination,Unsafe
Cu,1.9475267416339286,2.0,0.9737633708169643,Safe,Safe
Pb,1.6676681785233027,0.01,166.76681785233026,Heavy contamination,Unsafe
Pb,1.5813606026528957,0.01,158.13606026528956,Heavy contamination,Unsafe
Cu,1.9303604522833484,2.0,0.9651802261416742,Safe,Safe
Pb,1.6892563858517344,0.01,168.92563858517343,Heavy contamination,Unsafe
Cu,1.8751318663275174,2.0,0.9375659331637587,Safe,Safe
Cu,1.7741542474785543,2.0,0.8870771237392772,Safe,Safe
Cu,1.8698219353186158,2.0,0.9349109676593079,Safe,Safe
Cu,2.26083324054279,2.0,1.130416620271395,Low contamination,Unsafe
Pb,1.6616336598827548,0.01,166.16336598827547,Heavy contamination,Unsafe
Pb,1.8330826582932191,0.01,183.3082658293219,Heavy contamination,Unsafe
Cu,1.8744372725187572,2.0,0.9372186362593786,Safe,Safe
Cu,2.193594627204133,2.0,1.0967973136020666,Low contamination,Unsafe
Cu,2.028640490910357,2.0,1.0143202454551785,Low contamination,Unsafe
Pb,1.6252053132492958,0.01,162.52053132492958,Heavy contamination,Unsafe
Pb,1.8725417525851165,0.01,187.25417525851165,Heavy contamination,Unsafe
Pb,1.7206906050506947,0.01,172.06906050506947,Heavy contamination,Unsafe
Cu,1.90030715222121,2.0,0.950153576110605,Safe,Safe
Pb,1.5979834320346455,0.01,159.79834320346455,Heavy contamination,Unsafe
Pb,1.873541405006856,0.01,187.3541405006856,Heavy contamination,Unsafe
Cu,1.9798662683395676,2.0,0.9899331341697838,Safe,Safe
Pb,1.542672960155304,0.01,154.2672960155304,Heavy contamination,Unsafe
Pb,1.7758620629491155,0.01,177.58620629491156,Heavy contamination,Unsafe
Pb,1.6878195199618458,0.01,168.78195199618457,Heavy contamination,Unsafe
Cu,1.7698476706869646,2.0,0.8849238353434823,Safe,Safe
Pb,1.8185208136509314,0.01,181.85208136509314,Heavy contamination,Unsafe
Pb,1.7021580117606945,0.01,170.21580117606945,Heavy contamination,Unsafe
Pb,1.6324358092642268,0.01,163.24358092642268,Heavy contamination,Unsafe
Pb,1.5949683773385175,0.01,159.49683773385175,Heavy contamination,Unsafe
Pb,1.7290331244070054,0.01,172.90331244070055,Heavy contamination,Unsafe
Pb,1.812112755735635,0.01,181.21127557356348,Heavy contamination,Unsafe
Pb,1.5495078927246166,0.01,154.95078927246166,Heavy contamination,Unsafe
Cu,1.8451022516175315,2.0,0.9225511258087657,Safe,Safe
Pb,1.6253092489468652,0.01,162.5309248946865,Heavy contamination,Unsafe
Pb,1.7238874623967673,0.01,172.38874623967672,Heavy contamination,Unsafe
Pb,1.693956951479823,0.01,169.39569514798228,Heavy contamination,Unsafe
Cu,1.88774657497264,2.0,0.94387328748632,Safe,Safe
Cu,2.0587224557544106,2.0,1.0293612278772053,Low contamination,Unsafe
Cu,2.0074542767260217,2.0,1.0037271383630109,Low contamination,Unsafe
Cu,1.8747968630189127,2.0,0.9373984315094563,Safe,Safe
Pb,1.8394847626141666,0.01,183.94847626141666,Heavy contamination,Unsafe
Cu,1.9926916373459003,2.0,0.9963458186729501,Safe,Safe
Cu,1.821393610203811,2.0,0.9106968051019055,Safe,Safe
Cu,1.8285000780186893,2.0,0.9142500390093447,Safe,Safe
Cu,2.0950627967170106,2.0,1.0475313983585053,Low contamination,Unsafe
Pb,1.745328362164553,0.01,174.5328362164553,Heavy contamination,Unsafe
Pb,1.7681986632500961,0.01,176.8198663250096,Heavy contamination,Unsafe
Pb,1.8575286296438973,0.01,185.75286296438972,Heavy contamination,Unsafe
Cu,2.0313313255185044,2.0,1.0156656627592522,Low contamination,Unsafe
Pb,1.6678723386664498,0.01,166.78723386664498,Heavy contamination,Unsafe
Pb,1.8688899310190132,0.01,186.88899310190132,Heavy contamination,Unsafe
Pb,1.5138971265890435,0.01,151.38971265890436,Heavy contamination,Unsafe
Cu,2.143370240508369,2.0,1.0716851202541846,Low contamination,Unsafe
Pb,1.8410586072461308,0.01,184.10586072461308,Heavy contamination,Unsafe
Pb,1.4482657517173454,0.01,144.82657517173453,Heavy contamination,Unsafe
Pb,1.726771374963467,0.01,172.6771374963467,Heavy contamination,Unsafe
Pb,1.617411572042486,0.01,161.7411572042486,Heavy contamination,Unsafe
Pb,1.8054052808437828,0.01,180.54052808437828,Heavy contamination,Unsafe
Pb,1.6731075384480367,0.01,167.31075384480366,Heavy contamination,Unsafe
Pb,1.7801568174688014,0.01,178.01568174688015,Heavy contamination,Unsafe
Pb,1.8412354639874395,0.01,184.12354639874394,Heavy contamination,Unsafe
Pb,1.8300629506820976,0.01,183.00629506820977,Heavy contamination,Unsafe
Cu,1.8583641625009009,2.0,0.9291820812504504,Safe,Safe
Cu,1.8379572745258277,2.0,0.9189786372629138,Safe,Safe
Pb,1.6869986222613493,0.01,168.69986222613494,Heavy contamination,Unsafe
Cu,1.720246554996479,2.0,0.8601232774982395,Safe,Safe
Pb,1.7297087169192977,0.01,172.97087169192977,Heavy contamination,Unsafe
Cu,1.8850478291076678,2.0,0.9425239145538339,Safe,Safe
Cu,1.7661204180799723,2.0,0.8830602090399862,Safe,Safe
Pb,1.8814422844001655,0.01,188.14422844001655,Heavy contamination,Unsafe
Cu,1.7946909106542859,2.0,0.8973454553271429,Safe,Safe
Cu,2.0040463231782475,2.0,1.0020231615891237,Low contamination,Unsafe
Cu,1.9102068837659996,2.0,0.9551034418829998,Safe,Safe
Cu,1.9750879860093788,2.0,0.9875439930046894,Safe,Safe
Cu,2.1548007556438584,2.0,1.0774003778219292,Low contamination,Unsafe
Pb,1.6832690643046302,0.01,168.32690643046303,Heavy contamination,Unsafe
Pb,1.7322960560194445,0.01,173.22960560194446,Heavy contamination,Unsafe
Cu,1.7979294040578155,2.0,0.8989647020289078,Safe,Safe
Cu,1.9921029890787767,2.0,0.9960514945393883,Safe,Safe
Cu,2.1361599687390695,2.0,1.0680799843695348,Low contamination,Unsafe
Cu,1.8206287543003836,2.0,0.9103143771501918,Safe,Safe
Cu,1.7371564045093093,2.0,0.8685782022546547,Safe,Safe
Pb,1.6990027066499545,0.01,169.90027066499545,Heavy contamination,Unsafe
Cu,1.7606971096593427,2.0,0.8803485548296713,Safe,Safe
Pb,1.6883254060588557,0.01,168.83254060588558,Heavy contamination,Unsafe
Cu,2.0219402753735736,2.0,1.0109701376867868,Low contamination,Unsafe
Pb,1.8149452820965983,0.01,181.49452820965982,Heavy contamination,Unsafe
Pb,1.7639030345693163,0.01,176.39030345693163,Heavy contamination,Unsafe
Cu,2.04274886986057,2.0,1.021374434930285,Low contamination,Unsafe
Cu,1.8705512666541035,2.0,0.9352756333270518,Safe,Safe
Pb,1.7471951848599876,0.01,174.71951848599875,Heavy contamination,Unsafe
Cu,1.7519690680468147,2.0,0.8759845340234074,Safe,Safe
Cu,1.8161308295734413,2.0,0.9080654147867206,Safe,Safe
Pb,1.695061636364606,0.01,169.5061636364606,Heavy contamination,Unsafe
Cu,1.7589280568004741,2.0,0.8794640284002371,Safe,Safe
Cu,2.0022186238371997,2.0,1.0011093119185999,Low contamination,Unsafe
Cu,2.1564423283409297,2.0,1.0782211641704649,Low contamination,Unsafe
Pb,1.6526381735218139,0.01,165.26381735218138,Heavy contamination,Unsafe
Pb,1.7764956037802255,0.01,177.64956037802256,Heavy contamination,Unsafe
Pb,1.6733859970537943,0.01,167.33859970537944,Heavy contamination,Unsafe
Pb,1.7673186646524188,0.01,176.73186646524186,Heavy contamination,Unsafe
Pb,1.585758117823434,0.01,158.57581178234338,Heavy contamination,Unsafe
Pb,1.7638884993602515,0.01,176.38884993602514,Heavy contamination,Unsafe
Cu,1.9741746164217788,2.0,0.9870873082108894,Safe,Safe
Pb,1.6225539896104155,0.01,162.25539896104155,Heavy contamination,Unsafe
Pb,1.8208226634048907,0.01,182.08226634048907,Heavy contamination,Unsafe
Cu,1.878971400535649,2.0,0.9394857002678245,Safe,Safe
Pb,1.8144269403775926,0.01,181.44269403775925,Heavy contamination,Unsafe
Cu,1.7909045530565666,2.0,0.8954522765282833,Safe,Safe
Cu,1.8566668284078411,2.0,0.9283334142039206,Safe,Safe
Cu,1.7746550840940722,2.0,0.8873275420470361,Safe,Safe
Pb,1.7898624464863855,0.01,178.98624464863855,Heavy contamination,Unsafe
Cu,1.7639022682450411,2.0,0.8819511341225206,Safe,Safe
Cu,2.2227657970414887,2.0,1.1113828985207443,Low contamination,Unsafe
Cu,1.7722387702887268,2.0,0.8861193851443634,Safe,Safe
Cu,2.0531685010680163,2.0,1.0265842505340081,Low contamination,Unsafe
Cu,1.8141140821666122,2.0,0.9070570410833061,Safe,Safe
Pb,1.726910092382988,0.01,172.69100923829882,Heavy contamination,Unsafe
Pb,1.8208401278105653,0.01,182.08401278105651,Heavy contamination,Unsafe
Pb,1.7893860361735947,0.01,178.93860361735946,Heavy contamination,Unsafe
Pb,1.8297927778290117,0.01,182.97927778290116,Heavy contamination,Unsafe
Cu,1.930744408248744,2.0,0.965372204124372,Safe,Safe
Cu,2.0352747172028165,2.0,1.0176373586014082,Low contamination,Unsafe
Pb,1.608260083785452,0.01,160.8260083785452,Heavy contamination,Unsafe
Pb,1.673883305976303,0.01,167.3883305976303,Heavy contamination,Unsafe
Cu,1.8562679477847284,2.0,0.9281339738923642,Safe,Safe
Pb,1.7164978596689275,0.01,171.64978596689275,Heavy contamination,Unsafe
Pb,1.765320846264208,0.01,176.5320846264208,Heavy contamination,Unsafe
Cu,1.5438594670562114,2.0,0.7719297335281057,Safe,Safe
Cu,1.9689511679851655,2.0,0.9844755839925827,Safe,Safe
Pb,1.8676155128460903,0.01,186.76155128460903,Heavy contamination,Unsafe
Cu,1.8643866836509355,2.0,0.9321933418254678,Safe,Safe
Cu,1.875880022059346,2.0,0.937940011029673,Safe,Safe
Cu,1.9337562152972103,2.0,0.9668781076486052,Safe,Safe
Cu,1.8854447939476286,2.0,0.9427223969738143,Safe,Safe
Pb,1.8555995777227938,0.01,185.55995777227938,Heavy contamination,Unsafe
Pb,1.748752882443432,0.01,174.87528824434318,Heavy contamination,Unsafe
Cu,1.9164258902036146,2.0,0.9582129451018073,Safe,Safe
Cu,1.9872979386096823,2.0,0.9936489693048411,Safe,Safe
Cu,1.75806624708276,2.0,0.87903312354138,Safe,Safe
Cu,1.7092793026648536,2.0,0.8546396513324268,Safe,Safe
Cu,1.9245855423577167,2.0,0.9622927711788584,Safe,Safe
Pb,1.8557893489482056,0.01,185.57893489482055,Heavy contamination,Unsafe
Pb,1.6105540629453206,0.01,161.05540629453205,Heavy contamination,Unsafe
Cu,1.912493695308615,2.0,0.9562468476543075,Safe,Safe
Cu,2.0197940259799116,2.0,1.0098970129899558,Low contamination,Unsafe
Pb,1.8336984927561426,0.01,183.36984927561426,Heavy contamination,Unsafe
Pb,1.7196266119622212,0.01,171.96266119622211,Heavy contamination,Unsafe
Pb,1.882402806923165,0.01,188.2402806923165,Heavy contamination,Unsafe
Cu,1.8944171006271682,2.0,0.9472085503135841,Safe,Safe
Cu,2.12334032976885,2.0,1.061670164884425,Low contamination,Unsafe
Pb,1.6600180898422316,0.01,166.00180898422317,Heavy contamination,Unsafe
Pb,1.5885022895330296,0.01,158.85022895330297,Heavy contamination,Unsafe
Cu,2.093874750596324,2.0,1.046937375298162,Low contamination,Unsafe
Pb,1.7183812295500707,0.01,171.83812295500707,Heavy contamination,Unsafe
Cu,1.9928345039948476,2.0,0.9964172519974238,Safe,Safe
Cu,2.0086072036502136,2.0,1.0043036018251068,Low contamination,Unsafe
Pb,1.8025195406582277,0.01,180.25195406582276,Heavy contamination,Unsafe
Cu,2.0118974862928645,2.0,1.0059487431464322,Low contamination,Unsafe
Pb,1.7062035244790477,0.01,170.62035244790476,Heavy contamination,Unsafe
Cu,1.7948293562735986,2.0,0.8974146781367993,Safe,Safe
Cu,2.284799189600924,2.0,1.142399594800462,Low contamination,Unsafe
Cu,1.8102867039941226,2.0,0.9051433519970613,Safe,Safe
Pb,1.8347462772556755,0.01,183.47462772556756,Heavy contamination,Unsafe
Pb,1.6708532940342136,0.01,167.08532940342135,Heavy contamination,Unsafe
Cu,2.165060798916522,2.0,1.082530399458261,Low contamination,Unsafe
Cu,1.9318818258765518,2.0,0.9659409129382759,Safe,Safe
Pb,1.637175708681788,0.01,163.7175708681788,Heavy contamination,Unsafe
Cu,2.117420156207624,2.0,1.058710078103812,Low contamination,Unsafe
Cu,1.9243392160347832,2.0,0.9621696080173916,Safe,Safe
Pb,1.8251708385214864,0.01,182.51708385214863,Heavy contamination,Unsafe
Cu,1.8463199200036626,2.0,0.9231599600018313,Safe,Safe
Pb,1.6865773934831303,0.01,168.65773934831302,Heavy contamination,Unsafe
Pb,1.6442220111235688,0.01,164.42220111235687,Heavy contamination,Unsafe
Cu,2.206121467599621,2.0,1.1030607337998104,Low contamination,Unsafe
Pb,1.6991927308945243,0.01,169.91927308945242,Heavy contamination,Unsafe
Cu,1.7744392709677945,2.0,0.8872196354838973,Safe,Safe
Pb,1.5966395344806035,0.01,159.66395344806034,Heavy contamination,Unsafe
Cu,2.032008691669724,2.0,1.016004345834862,Low contamination,Unsafe
Cu,1.9071302499632856,2.0,0.9535651249816428,Safe,Safe
Pb,1.6342568301577898,0.01,163.425683015779,Heavy contamination,Unsafe
Pb,1.6530174128089958,0.01,165.3017412808996,Heavy contamination,Unsafe
Pb,1.6869652950759266,0.01,168.69652950759266,Heavy contamination,Unsafe
Cu,2.0388064590041473,2.0,1.0194032295020736,Low contamination,Unsafe
Pb,1.675473728795819,0.01,167.5473728795819,Heavy contamination,Unsafe
Cu,1.8247212734165283,2.0,0.9123606367082642,Safe,Safe
Pb,1.752791351893697,0.01,175.2791351893697,Heavy contamination,Unsafe
Cu,1.992902026438693,2.0,0.9964510132193465,Safe,Safe
Pb,1.6814594882607905,0.01,168.14594882607904,Heavy contamination,Unsafe
Cu,1.8584806310795143,2.0,0.9292403155397572,Safe,Safe
Cu,1.9574702461440006,2.0,0.9787351230720003,Safe,Safe
Pb,1.519094146501385,0.01,151.9094146501385,Heavy contamination,Unsafe
Cu,1.9397073878275888,2.0,0.9698536939137944,Safe,Safe
Pb,1.8545328724684769,0.01,185.45328724684768,Heavy contamination,Unsafe
Cu,1.6858019546404432,2.0,0.8429009773202216,Safe,Safe
Pb,1.820288082628601,0.01,182.02880826286008,Heavy contamination,Unsafe
Pb,1.8095831888213625,0.01,180.95831888213624,Heavy contamination,Unsafe
Pb,1.7096485524591885,0.01,170.96485524591884,Heavy contamination,Unsafe
Pb,1.8200117596252396,0.01,182.00117596252397,Heavy contamination,Unsafe
Pb,1.7024839107894112,0.01,170.24839107894113,Heavy contamination,Unsafe
Pb,1.7614020210076138,0.01,176.14020210076137,Heavy contamination,Unsafe
Cu,2.1832022331283394,2.0,1.0916011165641697,Low contamination,Unsafe
Pb,1.5439495590658252,0.01,154.3949559065825,Heavy contamination,Unsafe
Cu,1.8871040675714705,2.0,0.9435520337857353,Safe,Safe
Cu,1.97126370043006,2.0,0.98563185021503,Safe,Safe
Cu,1.7567234001503738,2.0,0.8783617000751869,Safe,Safe
Cu,1.559145534797751,2.0,0.7795727673988755,Safe,Safe
Pb,1.8185396201252493,0.01,181.85396201252493,Heavy contamination,Unsafe
Cu,2.0355250365287247,2.0,1.0177625182643624,Low contamination,Unsafe
Pb,1.8431882922852416,0.01,184.31882922852415,Heavy contamination,Unsafe
Pb,1.7621997275076033,0.01,176.21997275076032,Heavy contamination,Unsafe
Cu,2.0121639594542433,2.0,1.0060819797271217,Low contamination,Unsafe
Cu,1.8639674248356313,2.0,0.9319837124178156,Safe,Safe
Pb,1.6884664706431114,0.01,168.84664706431113,Heavy contamination,Unsafe
Pb,1.6914236584696964,0.01,169.14236584696965,Heavy contamination,Unsafe
Cu,2.1551031315300406,2.0,1.0775515657650203,Low contamination,Unsafe
Pb,1.6494548575315169,0.01,164.94548575315167,Heavy contamination,Unsafe
Cu,1.7544387048576937,2.0,0.8772193524288469,Safe,Safe
Pb,1.7457684112441254,0.01,174.57684112441254,Heavy contamination,Unsafe
Cu,2.046149518994461,2.0,1.0230747594972305,Low contamination,Unsafe
Pb,1.8123006791463603,0.01,181.23006791463604,Heavy contamination,Unsafe
Pb,1.6804338924538884,0.01,168.04338924538885,Heavy contamination,Unsafe
Cu,1.953621898476622,2.0,0.976810949238311,Safe,Safe
Pb,1.7722046039141506,0.01,177.22046039141506,Heavy contamination,Unsafe
Cu,1.937275502169077,2.0,0.9686377510845385,Safe,Safe
Cu,1.6049829715620043,2.0,0.8024914857810022,Safe,Safe
Pb,1.7316588784315887,0.01,173.16588784315886,Heavy contamination,Unsafe
Pb,1.6209862433414175,0.01,162.09862433414176,Heavy contamination,Unsafe
Cu,1.9643933709966124,2.0,0.9821966854983062,Safe,Safe
Pb,1.6825152792843434,0.01,168.25152792843434,Heavy contamination,Unsafe
Cu,1.912582959453701,2.0,0.9562914797268505,Safe,Safe
Cu,1.8292765314696848,2.0,0.9146382657348424,Safe,Safe
Cu,1.937984616956426,2.0,0.968992308478213,Safe,Safe
Pb,1.6194473902445576,0.01,161.94473902445577,Heavy contamination,Unsafe
Pb,1.849036451135131,0.01,184.90364511351308,Heavy contamination,Unsafe
Cu,1.8314751862489786,2.0,0.9157375931244893,Safe,Safe
Cu,1.9053129959907782,2.0,0.9526564979953891,Safe,Safe
Cu,1.8671122559766817,2.0,0.9335561279883409,Safe,Safe
Pb,1.734674220046238,0.01,173.46742200462378,Heavy contamination,Unsafe
Pb,1.784229371820242,0.01,178.42293718202419,Heavy contamination,Unsafe
Cu,2.1622520425891247,2.0,1.0811260212945624,Low contamination,Unsafe
Cu,2.0050101641635187,2.0,1.0025050820817594,Low contamination,Unsafe
Pb,1.6881252065279606,0.01,168.81252065279605,Heavy contamination,Unsafe
Pb,1.8369463908140888,0.01,183.69463908140887,Heavy contamination,Unsafe
Cu,2.1477390397067584,2.0,1.0738695198533792,Low contamination,Unsafe
Pb,1.6753111856105047,0.01,167.53111856105048,Heavy contamination,Unsafe
Cu,1.9159875616090747,2.0,0.9579937808045373,Safe,Safe
Cu,1.855169203303256,2.0,0.927584601651628,Safe,Safe
Cu,1.9837000554761164,2.0,0.9918500277380582,Safe,Safe
Pb,1.6745423426263173,0.01,167.45423426263173,Heavy contamination,Unsafe
Cu,1.9107778881010713,2.0,0.9553889440505356,Safe,Safe
Pb,1.4869684643223025,0.01,148.69684643223025,Heavy contamination,Unsafe
Pb,1.7162815873789532,0.01,171.62815873789532,Heavy contamination,Unsafe
Cu,1.7254783887394645,2.0,0.8627391943697322,Safe,Safe
Pb,1.835999301349497,0.01,183.59993013494972,Heavy contamination,Unsafe
Cu,1.8645020366164682,2.0,0.9322510183082341,Safe,Safe
Cu,1.7517348264892805,2.0,0.8758674132446402,Safe,Safe
Cu,1.677621769637057,2.0,0.8388108848185285,Safe,Safe
Pb,1.7895791569950201,0.01,178.957915699502,Heavy contamination,Unsafe
Cu,1.8797048467988389,2.0,0.9398524233994194,Safe,Safe
Pb,1.8183514164810373,0.01,181.83514164810373,Heavy contamination,Unsafe
Cu,1.6552634144686977,2.0,0.8276317072343489,Safe,Safe
Pb,1.6256459084012398,0.01,162.56459084012397,Heavy contamination,Unsafe
Pb,1.8708588079554698,0.01,187.08588079554698,Heavy contamination,Unsafe
Pb,1.7394828846266712,0.01,173.9482884626671,Heavy contamination,Unsafe
Cu,1.7632911349048594,2.0,0.8816455674524297,Safe,Safe
Cu,2.011009439731706,2.0,1.005504719865853,Low contamination,Unsafe
Cu,1.7956607223356111,2.0,0.8978303611678056,Safe,Safe
Cu,2.089110503664822,2.0,1.044555251832411,Low contamination,Unsafe
Cu,2.0192697532721446,2.0,1.0096348766360723,Low contamination,Unsafe
Cu,1.8607974046251052,2.0,0.9303987023125526,Safe,Safe
Cu,2.147232547497432,2.0,1.073616273748716,Low contamination,Unsafe
Cu,1.7444042363572883,2.0,0.8722021181786441,Safe,Safe
Cu,2.055865537366106,2.0,1.027932768683053,Low contamination,Unsafe
Pb,1.8175698602327286,0.01,181.75698602327284,Heavy contamination,Unsafe
Cu,1.781976945210935,2.0,0.8909884726054675,Safe,Safe
Pb,1.8378385207083117,0.01,183.78385207083116,Heavy contamination,Unsafe
Cu,1.9159403752716062,2.0,0.9579701876358031,Safe,Safe
Cu,2.0637700301531003,2.0,1.0318850150765502,Low contamination,Unsafe
Pb,1.6830929035309095,0.01,168.30929035309094,Heavy contamination,Unsafe
Cu,1.7607403515032722,2.0,0.8803701757516361,Safe,Safe
Cu,1.9136452734506837,2.0,0.9568226367253418,Safe,Safe
Pb,1.6147080945057684,0.01,161.47080945057684,Heavy contamination,Unsafe
Pb,1.7811852587060515,0.01,178.11852587060514,Heavy contamination,Unsafe
Pb,1.687361705871363,0.01,168.7361705871363,Heavy contamination,Unsafe
Pb,1.8326819970047277,0.01,183.26819970047276,Heavy contamination,Unsafe
Cu,1.910948844101977,2.0,0.9554744220509885,Safe,Safe
Cu,1.8591204044734653,2.0,0.9295602022367326,Safe,Safe
Pb,1.7734124237401887,0.01,177.34124237401886,Heavy contamination,Unsafe
Pb,1.9017027912714883,0.01,190.17027912714883,Heavy contamination,Unsafe
Cu,2.001567683669773,2.0,1.0007838418348864,Low contamination,Unsafe
Cu,2.1212268849291194,2.0,1.0606134424645597,Low contamination,Unsafe
Pb,1.7349216954107334,0.01,173.49216954107334,Heavy contamination,Unsafe
Pb,1.8305672048014614,0.01,183.05672048014614,Heavy contamination,Unsafe
Cu,2.089960971648451,2.0,1.0449804858242255,Low contamination,Unsafe
Pb,1.7763129937982267,0.01,177.63129937982268,Heavy contamination,Unsafe
Cu,1.8109773225239003,2.0,0.9054886612619502,Safe,Safe
Cu,2.0904006715102406,2.0,1.0452003357551203,Low contamination,Unsafe
Cu,1.8822811415715748,2.0,0.9411405707857874,Safe,Safe
Cu,1.768918160472961,2.0,0.8844590802364805,Safe,Safe
Pb,1.6406911977022043,0.01,164.06911977022042,Heavy contamination,Unsafe
Cu,1.824213144995466,2.0,0.912106572497733,Safe,Safe
Pb,1.690916243188631,0.01,169.0916243188631,Heavy contamination,Unsafe
Cu,1.9861148993068327,2.0,0.9930574496534164,Safe,Safe
Cu,1.9286147004937266,2.0,0.9643073502468633,Safe,Safe
Pb,1.6552644097741904,0.01,165.52644097741904,Heavy contamination,Unsafe
Pb,1.7653288844111734,0.01,176.53288844111734,Heavy contamination,Unsafe
Pb,1.7073004901359303,0.01,170.73004901359303,Heavy contamination,Unsafe
Cu,1.9914755531089974,2.0,0.9957377765544987,Safe,Safe
Pb,1.7623019516662142,0.01,176.2301951666214,Heavy contamination,Unsafe
Pb,1.7032409255396144,0.01,170.32409255396144,Heavy contamination,Unsafe
Cu,1.8220470185545516,2.0,0.9110235092772758,Safe,Safe
Pb,1.6856597946156182,0.01,168.56597946156182,Heavy contamination,Unsafe
Cu,2.1110718809816658,2.0,1.0555359404908329,Low contamination,Unsafe
Cu,2.0875850663549746,2.0,1.0437925331774873,Low contamination,Unsafe
Pb,1.6760551141745377,0.01,167.60551141745376,Heavy contamination,Unsafe
Pb,1.6009657042747254,0.01,160.09657042747253,Heavy contamination,Unsafe
Cu,1.8566978494114685,2.0,0.9283489247057343,Safe,Safe
Cu,2.161635014300006,2.0,1.080817507150003,Low contamination,Unsafe
Pb,1.7533829775735184,0.01,175.33829775735182,Heavy contamination,Unsafe
Cu,1.7233676027283633,2.0,0.8616838013641817,Safe,Safe
Cu,1.6546379131898683,2.0,0.8273189565949342,Safe,Safe
Pb,1.660277920383979,0.01,166.0277920383979,Heavy contamination,Unsafe
Pb,1.8579593264584289,0.01,185.7959326458429,Heavy contamination,Unsafe
Cu,1.800393559562195,2.0,0.9001967797810975,Safe,Safe
Pb,1.8684094714083628,0.01,186.84094714083628,Heavy contamination,Unsafe
Pb,1.8523334549681318,0.01,185.23334549681317,Heavy contamination,Unsafe
Cu,1.9463021651867494,2.0,0.9731510825933747,Safe,Safe
Pb,1.6547031124179594,0.01,165.47031124179594,Heavy contamination,Unsafe
Pb,1.5607188750863363,0.01,156.07188750863364,Heavy contamination,Unsafe
Pb,1.6209705075549934,0.01,162.09705075549934,Heavy contamination,Unsafe
Cu,1.7549431104529034,2.0,0.8774715552264517,Safe,Safe
Pb,1.5687925069504145,0.01,156.87925069504143,Heavy contamination,Unsafe
Cu,1.7951453393393375,2.0,0.8975726696696688,Safe,Safe
Pb,1.694414481154247,0.01,169.4414481154247,Heavy contamination,Unsafe
Cu,1.744116794184341,2.0,0.8720583970921705,Safe,Safe
Cu,1.7181997407127412,2.0,0.8590998703563706,Safe,Safe
Cu,1.7047066945215152,2.0,0.8523533472607576,Safe,Safe
Cu,1.815157009218554,2.0,0.907578504609277,Safe,Safe
Cu,1.8461443188208346,2.0,0.9230721594104173,Safe,Safe
Cu,2.0699474880185225,2.0,1.0349737440092612,Low contamination,Unsafe
Cu,1.8427043295743941,2.0,0.9213521647871971,Safe,Safe
Pb,1.835381360123049,0.01,183.5381360123049,Heavy contamination,Unsafe
Cu,2.127038627987779,2.0,1.0635193139938894,Low contamination,Unsafe
Pb,1.5123767767645644,0.01,151.23767767645643,Heavy contamination,Unsafe
Pb,1.663540036342027,0.01,166.35400363420268,Heavy contamination,Unsafe
Pb,1.6503155639254814,0.01,165.03155639254814,Heavy contamination,Unsafe
Cu,1.8645971968288724,2.0,0.9322985984144362,Safe,Safe
Pb,1.5626384205904178,0.01,156.26384205904176,Heavy contamination,Unsafe
Pb,1.7462345552809384,0.01,174.62345552809384,Heavy contamination,Unsafe
Pb,1.754452907198341,0.01,175.4452907198341,Heavy contamination,Unsafe
Cu,2.1135435969845378,2.0,1.0567717984922689,Low contamination,Unsafe
Pb,1.7177319924846417,0.01,171.77319924846415,Heavy contamination,Unsafe
Cu,1.9305470002091363,2.0,0.9652735001045681,Safe,Safe
Cu,1.8932144893575749,2.0,0.9466072446787874,Safe,Safe
Pb,1.777311861386873,0.01,177.7311861386873,Heavy contamination,Unsafe
Pb,1.8319575356998583,0.01,183.19575356998584,Heavy contamination,Unsafe
Cu,1.8166253445965737,2.0,0.9083126722982868,Safe,Safe
Cu,1.759207804729117,2.0,0.8796039023645585,Safe,Safe
Pb,1.7907845973091765,0.01,179.07845973091764,Heavy contamination,Unsafe
Pb,1.7302840916636095,0.01,173.02840916636094,Heavy contamination,Unsafe
Pb,1.746920794235387,0.01,174.6920794235387,Heavy contamination,Unsafe
Cu,2.0042056888381685,2.0,1.0021028444190843,Low contamination,Unsafe
Cu,1.8877579260807684,2.0,0.9438789630403842,Safe,Safe
Pb,1.7711618255303416,0.01,177.11618255303415,Heavy contamination,Unsafe
Cu,2.0912415710485277,2.0,1.0456207855242639,Low contamination,Unsafe
Cu,1.9569905868047914,2.0,0.9784952934023957,Safe,Safe
Pb,1.684378259572512,0.01,168.4378259572512,Heavy contamination,Unsafe
Pb,1.7303152464873306,0.01,173.03152464873307,Heavy contamination,Unsafe
Cu,2.3507044973743776,2.0,1.1753522486871888,Low contamination,Unsafe
Pb,1.8285381788586412,0.01,182.85381788586412,Heavy contamination,Unsafe
Pb,1.6977100310852107,0.01,169.77100310852106,Heavy contamination,Unsafe
Pb,1.6693279297273877,0.01,166.93279297273878,Heavy contamination,Unsafe
Pb,1.7116368378808757,0.01,171.16368378808758,Heavy contamination,Unsafe
Pb,1.810196965772165,0.01,181.0196965772165,Heavy contamination,Unsafe
Pb,1.8272863036503626,0.01,182.72863036503625,Heavy contamination,Unsafe
Cu,1.8945696284295774,2.0,0.9472848142147887,Safe,Safe
Pb,1.752513199910986,0.01,175.2513199910986,Heavy contamination,Unsafe
Pb,1.7414474819496437,0.01,174.14474819496436,Heavy contamination,Unsafe
Pb,1.659954333196354,0.01,165.9954333196354,Heavy contamination,Unsafe
Cu,1.8623935130776013,2.0,0.9311967565388006,Safe,Safe
Pb,1.8064483735748635,0.01,180.64483735748635,Heavy contamination,Unsafe
Cu,1.8979902956154269,2.0,0.9489951478077134,Safe,Safe
Pb,1.8458757218025017,0.01,184.58757218025016,Heavy contamination,Unsafe
Pb,1.6726936491876783,0.01,167.26936491876782,Heavy contamination,Unsafe
Cu,2.0740075074289415,2.0,1.0370037537144707,Low contamination,Unsafe
Cu,2.119666528503103,2.0,1.0598332642515516,Low contamination,Unsafe
Pb,1.7382759826122935,0.01,173.82759826122935,Heavy contamination,Unsafe
Pb,1.857330491519725,0.01,185.7330491519725,Heavy contamination,Unsafe
Pb,1.8617120322923404,0.01,186.17120322923404,Heavy contamination,Unsafe
Pb,1.7427025598347043,0.01,174.27025598347043,Heavy contamination,Unsafe
Pb,1.8182342736489647,0.01,181.82342736489647,Heavy contamination,Unsafe
Pb,1.7123167753339557,0.01,171.23167753339555,Heavy contamination,Unsafe
Pb,1.734357329836436,0.01,173.43573298364362,Heavy contamination,Unsafe
Cu,1.9990196717504538,2.0,0.9995098358752269,Safe,Safe
Cu,2.081180753194265,2.0,1.0405903765971325,Low contamination,Unsafe
Pb,1.6150778336787452,0.01,161.5077833678745,Heavy contamination,Unsafe
Cu,1.9136185511277708,2.0,0.9568092755638854,Safe,Safe
Cu,1.9781003956811491,2.0,0.9890501978405746,Safe,Safe
Cu,2.1601439125042807,2.0,1.0800719562521404,Low contamination,Unsafe
Pb,1.7686776834386495,0.01,176.86776834386495,Heavy contamination,Unsafe
Pb,1.7665099825180568,0.01,176.65099825180567,Heavy contamination,Unsafe
Pb,1.750159949743647,0.01,175.0159949743647,Heavy contamination,Unsafe
Cu,1.6915899895780522,2.0,0.8457949947890261,Safe,Safe
Cu,2.110314755753024,2.0,1.055157377876512,Low contamination,Unsafe
Pb,1.690115062383603,0.01,169.01150623836028,Heavy contamination,Unsafe
Pb,1.6450948407951111,0.01,164.5094840795111,Heavy contamination,Unsafe
Cu,2.124200565555465,2.0,1.0621002827777326,Low contamination,Unsafe
Pb,1.81547446816817,0.01,181.547446816817,Heavy contamination,Unsafe
Pb,1.8214234700310312,0.01,182.1423470031031,Heavy contamination,Unsafe
Pb,1.8307377624559322,0.01,183.07377624559322,Heavy contamination,Unsafe
Pb,1.8482164088480113,0.01,184.82164088480113,Heavy contamination,Unsafe
Pb,1.6634618266420604,0.01,166.34618266420605,Heavy contamination,Unsafe
Pb,1.5649171563083342,0.01,156.49171563083343,Heavy contamination,Unsafe
Pb,1.9147086929471357,0.01,191.47086929471357,Heavy contamination,Unsafe
Pb,1.6447463692725939,0.01,164.47463692725938,Heavy contamination,Unsafe
Pb,1.8060309617049142,0.01,180.60309617049143,Heavy contamination,Unsafe
Pb,1.5895969670052152,0.01,158.95969670052153,Heavy contamination,Unsafe
Cu,1.9967287289020046,2.0,0.9983643644510023,Safe,Safe
Cu,1.9097527576241067,2.0,0.9548763788120533,Safe,Safe
Cu,1.9520387181478427,2.0,0.9760193590739213,Safe,Safe
Pb,1.5508913817760073,0.01,155.08913817760072,Heavy contamination,Unsafe
Cu,1.7497307323507676,2.0,0.8748653661753838,Safe,Safe
Cu,1.9137863024910982,2.0,0.9568931512455491,Safe,Safe
Pb,1.6514251938785343,0.01,165.1425193878534,Heavy contamination,Unsafe
Pb,1.8894621900727047,0.01,188.94621900727046,Heavy contamination,Unsafe
Pb,1.838756144809906,0.01,183.87561448099058,Heavy contamination,Unsafe
Pb,1.6824709329955785,0.01,168.24709329955783,Heavy contamination,Unsafe
Pb,1.7847766932611968,0.01,178.47766932611967,Heavy contamination,Unsafe
Pb,1.7350970226272744,0.01,173.50970226272744,Heavy contamination,Unsafe
Cu,1.8542593767610018,2.0,0.9271296883805009,Safe,Safe
Pb,1.73490627199202,0.01,173.490627199202,Heavy contamination,Unsafe
Pb,1.6670865738656413,0.01,166.7086573865641,Heavy contamination,Unsafe
Cu,1.995583131439109,2.0,0.9977915657195545,Safe,Safe
Cu,1.8376147921561148,2.0,0.9188073960780574,Safe,Safe
Cu,1.8308186729039648,2.0,0.9154093364519824,Safe,Safe
Cu,2.1422480557265997,2.0,1.0711240278632999,Low contamination,Unsafe
Pb,1.7599747799306833,0.01,175.99747799306832,Heavy contamination,Unsafe
Pb,1.6766229643030381,0.01,167.6622964303038,Heavy contamination,Unsafe
Cu,1.8312567662634227,2.0,0.9156283831317114,Safe,Safe
Pb,1.6350847438545122,0.01,163.50847438545122,Heavy contamination,Unsafe
Cu,2.017874217693084,2.0,1.008937108846542,Low contamination,Unsafe
Pb,1.8258792894187765,0.01,182.58792894187764,Heavy contamination,Unsafe
Pb,1.8834424625916464,0.01,188.34424625916463,Heavy contamination,Unsafe
Pb,1.820976457388432,0.01,182.0976457388432,Heavy contamination,Unsafe
Pb,1.6503013213340694,0.01,165.03013213340694,Heavy contamination,Unsafe
Cu,1.948645184835283,2.0,0.9743225924176415,Safe,Safe
Cu,1.6904360229351747,2.0,0.8452180114675873,Safe,Safe
Cu,1.8600757604601117,2.0,0.9300378802300558,Safe,Safe
Cu,2.1631423502015696,2.0,1.0815711751007848,Low contamination,Unsafe
Cu,2.164620950006685,2.0,1.0823104750033425,Low contamination,Unsafe
Pb,1.7543766028670587,0.01,175.43766028670586,Heavy contamination,Unsafe
Pb,1.7499144281319503,0.01,174.99144281319502,Heavy contamination,Unsafe
Pb,1.770166796496658,0.01,177.0166796496658,Heavy contamination,Unsafe
Cu,1.962207149143103,2.0,0.9811035745715515,Safe,Safe
Pb,1.7323520618570654,0.01,173.23520618570655,Heavy contamination,Unsafe
Pb,1.6148520459324298,0.01,161.48520459324297,Heavy contamination,Unsafe
Cu,2.00737127815672,2.0,1.00368563907836,Low contamination,Unsafe
Cu,1.9884124026321626,2.0,0.9942062013160813,Safe,Safe
Cu,2.193039779438701,2.0,1.0965198897193504,Low contamination,Unsafe
Pb,1.743516297388579,0.01,174.3516297388579,Heavy contamination,Unsafe
Cu,1.77725130145917,2.0,0.888625650729585,Safe,Safe
Pb,1.8822812210797815,0.01,188.22812210797815,Heavy contamination,Unsafe
Cu,2.2772707292513097,2.0,1.1386353646256548,Low contamination,Unsafe
Cu,1.9781734996012306,2.0,0.9890867498006153,Safe,Safe
Cu,1.7664929997385466,2.0,0.8832464998692733,Safe,Safe
Cu,1.9322243862661748,2.0,0.9661121931330874,Safe,Safe
Cu,1.9415708336744628,2.0,0.9707854168372314,Safe,Safe
Cu,2.045245974184085,2.0,1.0226229870920425,Low contamination,Unsafe
Pb,1.8404280988784674,0.01,184.04280988784674,Heavy contamination,Unsafe
Cu,1.6728153198295188,2.0,0.8364076599147594,Safe,Safe
Cu,2.09946962581538,2.0,1.04973481290769,Low contamination,Unsafe
Pb,1.8425216634887267,0.01,184.25216634887266,Heavy contamination,Unsafe
Pb,1.7022324772933426,0.01,170.22324772933425,Heavy contamination,Unsafe
Cu,2.149777287627855,2.0,1.0748886438139276,Low contamination,Unsafe
Cu,1.7199061333550794,2.0,0.8599530666775397,Safe,Safe
Pb,1.702045993376386,0.01,170.2045993376386,Heavy contamination,Unsafe
Pb,1.8031411558890347,0.01,180.31411558890346,Heavy contamination,Unsafe
Pb,1.6469836047354718,0.01,164.69836047354718,Heavy contamination,Unsafe
Pb,1.833889587306269,0.01,183.3889587306269,Heavy contamination,Unsafe
Cu,1.6763051310759125,2.0,0.8381525655379563,Safe,Safe
Pb,1.8534672264174619,0.01,185.34672264174617,Heavy contamination,Unsafe
Cu,1.986614866841789,2.0,0.9933074334208944,Safe,Safe
Pb,1.774869639746814,0.01,177.4869639746814,Heavy contamination,Unsafe
Cu,1.9009092481795955,2.0,0.9504546240897978,Safe,Safe
Cu,1.8961978239972868,2.0,0.9480989119986434,Safe,Safe
Pb,1.6891668315247412,0.01,168.91668315247412,Heavy contamination,Unsafe
Pb,1.6767370783395303,0.01,167.67370783395302,Heavy contamination,Unsafe
Cu,2.0179221905232674,2.0,1.0089610952616337,Low contamination,Unsafe
Pb,1.6248345254735,0.01,162.48345254735,Heavy contamination,Unsafe
Cu,1.870323523306694,2.0,0.935161761653347,Safe,Safe
Cu,1.6678780738241072,2.0,0.8339390369120536,Safe,Safe
Pb,1.6191496045820164,0.01,161.91496045820165,Heavy contamination,Unsafe
Pb,1.6213402622364534,0.01,162.13402622364535,Heavy contamination,Unsafe
Cu,2.2725945051268015,2.0,1.1362972525634008,Low contamination,Unsafe
Cu,1.9785510267042952,2.0,0.9892755133521476,Safe,Safe
Cu,1.8075554745768456,2.0,0.9037777372884228,Safe,Safe
Cu,1.9789287503583606,2.0,0.9894643751791803,Safe,Safe
Pb,1.7440105412131799,0.01,174.401054121318,Heavy contamination,Unsafe
Pb,1.8134538781236815,0.01,181.34538781236816,Heavy contamination,Unsafe
Cu,1.7346811341372537,2.0,0.8673405670686268,Safe,Safe
Cu,1.8742458350769984,2.0,0.9371229175384992,Safe,Safe
Cu,1.809759670008143,2.0,0.9048798350040715,Safe,Safe
Pb,1.7942086367872905,0.01,179.42086367872903,Heavy contamination,Unsafe
Pb,1.753779623203339,0.01,175.3779623203339,Heavy contamination,Unsafe
Cu,2.0075456728665513,2.0,1.0037728364332756,Low contamination,Unsafe
Pb,1.7068458548679932,0.01,170.6845854867993,Heavy contamination,Unsafe
Cu,1.7395324246657258,2.0,0.8697662123328629,Safe,Safe
Pb,1.5834045654826743,0.01,158.3404565482674,Heavy contamination,Unsafe
Cu,1.905167364273861,2.0,0.9525836821369305,Safe,Safe
Pb,1.512446086788159,0.01,151.2446086788159,Heavy contamination,Unsafe
Cu,1.892755592248716,2.0,0.946377796124358,Safe,Safe
Cu,1.9080002177125233,2.0,0.9540001088562616,Safe,Safe
Cu,1.6749892697600943,2.0,0.8374946348800472,Safe,Safe
Cu,1.6900989835316151,2.0,0.8450494917658076,Safe,Safe
Cu,1.8573803728370295,2.0,0.9286901864185148,Safe,Safe
Pb,1.6709259456391545,0.01,167.09259456391544,Heavy contamination,Unsafe
Cu,1.7999273214049858,2.0,0.8999636607024929,Safe,Safe
Cu,1.837172018837609,2.0,0.9185860094188045,Safe,Safe
Pb,1.7615604821017197,0.01,176.15604821017197,Heavy contamination,Unsafe
Cu,2.0900826839033346,2.0,1.0450413419516673,Low contamination,Unsafe
Cu,1.7912652745527304,2.0,0.8956326372763652,Safe,Safe
Cu,2.2336481921355036,2.0,1.1168240960677518,Low contamination,Unsafe
Cu,1.794968628828076,2.0,0.897484314414038,Safe,Safe
Cu,1.9643129010639488,2.0,0.9821564505319744,Safe,Safe
Cu,1.994132226946518,2.0,0.997066113473259,Safe,Safe
Pb,1.6897900361563407,0.01,168.97900361563407,Heavy contamination,Unsafe
Cu,1.8572444374303312,2.0,0.9286222187151656,Safe,Safe
Cu,1.9374783695022841,2.0,0.9687391847511421,Safe,Safe
Cu,1.777102547976071,2.0,0.8885512739880355,Safe,Safe
Cu,1.726155094785487,2.0,0.8630775473927434,Safe,Safe
Pb,1.8006791654350174,0.01,180.06791654350172,Heavy contamination,Unsafe
Cu,1.6530150071247713,2.0,0.8265075035623857,Safe,Safe
Pb,1.8345431373026742,0.01,183.45431373026742,Heavy contamination,Unsafe
Cu,1.732781927187801,2.0,0.8663909635939006,Safe,Safe
Pb,1.5906724704938273,0.01,159.06724704938273,Heavy contamination,Unsafe
Pb,1.7905689007157721,0.01,179.05689007157721,Heavy contamination,Unsafe
Cu,1.940583160378894,2.0,0.970291580189447,Safe,Safe
Pb,1.7891150715570419,0.01,178.9115071557042,Heavy contamination,Unsafe
Pb,1.86255294717156,0.01,186.255294717156,Heavy contamination,Unsafe
Cu,1.8910936303281005,2.0,0.9455468151640503,Safe,Safe
Pb,1.8212617065830687,0.01,182.12617065830688,Heavy contamination,Unsafe
Cu,1.8704538184036872,2.0,0.9352269092018436,Safe,Safe
Pb,1.7195209375369451,0.01,171.9520937536945,Heavy contamination,Unsafe
Pb,1.7728184866781926,0.01,177.28184866781925,Heavy contamination,Unsafe
Pb,1.8630877284927667,0.01,186.30877284927666,Heavy contamination,Unsafe
Pb,1.8205896294877848,0.01,182.0589629487785,Heavy contamination,Unsafe
Pb,1.743389479140541,0.01,174.3389479140541,Heavy contamination,Unsafe
Pb,1.576048505988279,0.01,157.60485059882788,Heavy contamination,Unsafe
Cu,2.0794209966055677,2.0,1.0397104983027838,Low contamination,Unsafe
Cu,1.8647991689676608,2.0,0.9323995844838304,Safe,Safe
Cu,1.831124440229079,2.0,0.9155622201145395,Safe,Safe
Pb,1.8330544508250601,0.01,183.305445082506,Heavy contamination,Unsafe
Cu,1.8596584092830208,2.0,0.9298292046415104,Safe,Safe
Pb,1.6774135396687258,0.01,167.74135396687257,Heavy contamination,Unsafe
Pb,1.6817034738542636,0.01,168.17034738542634,Heavy contamination,Unsafe
Cu,2.1017254513076393,2.0,1.0508627256538197,Low contamination,Unsafe
Pb,1.7398506053039546,0.01,173.98506053039546,Heavy contamination,Unsafe
Pb,1.7248955812036946,0.01,172.48955812036945,Heavy contamination,Unsafe
Cu,1.7261800636719744,2.0,0.8630900318359872,Safe,Safe
Pb,1.701024093095829,0.01,170.1024093095829,Heavy contamination,Unsafe
Cu,2.0211426832032844,2.0,1.0105713416016422,Low contamination,Unsafe
Cu,1.779476565538008,2.0,0.889738282769004,Safe,Safe
Pb,1.9337885716491696,0.01,193.37885716491695,Heavy contamination,Unsafe
Cu,2.02603930670534,2.0,1.01301965335267,Low contamination,Unsafe
Pb,1.6567590118785476,0.01,165.67590118785475,Heavy contamination,Unsafe
Pb,1.6100572927734778,0.01,161.00572927734777,Heavy contamination,Unsafe
Pb,1.5999130897060625,0.01,159.99130897060624,Heavy contamination,Unsafe
Pb,1.6050894118436223,0.01,160.50894118436221,Heavy contamination,Unsafe
Pb,1.8200852954907045,0.01,182.00852954907046,Heavy contamination,Unsafe
Pb,1.748192612967627,0.01,174.8192612967627,Heavy contamination,Unsafe
Pb,1.6431167751801534,0.01,164.31167751801533,Heavy contamination,Unsafe
Pb,1.792984688566479,0.01,179.2984688566479,Heavy contamination,Unsafe
Pb,1.7844565122537452,0.01,178.44565122537452,Heavy contamination,Unsafe
Pb,1.5503070863256996,0.01,155.03070863256997,Heavy contamination,Unsafe
